{
	"/": [
		"src/routes/+page.server.ts"
	],
	"/admin": [
		"src/routes/admin/+page.server.ts",
		"src/routes/admin/+layout.server.ts",
		"src/routes/admin/+layout.server.ts"
	],
	"/admin/admissions": [
		"src/routes/admin/admissions/+page.server.ts",
		"src/routes/admin/+layout.server.ts"
	],
	"/admin/admissions/[id]": [
		"src/routes/admin/admissions/[id]/+page.server.ts",
		"src/routes/admin/+layout.server.ts"
	],
	"/admin/reports": [
		"src/routes/admin/reports/+page.server.ts",
		"src/routes/admin/+layout.server.ts"
	],
	"/admin/rooms": [
		"src/routes/admin/rooms/+page.server.ts",
		"src/routes/admin/+layout.server.ts"
	],
	"/admin/staff": [
		"src/routes/admin/staff/+page.server.ts",
		"src/routes/admin/+layout.server.ts"
	],
	"/api/discharge": [
		"src/routes/api/discharge/+server.ts"
	],
	"/logout": [
		"src/routes/logout/+server.ts"
	],
	"/patient/[id]": [
		"src/routes/patient/[id]/+page.server.ts"
	],
	"/rooms": [
		"src/routes/rooms/+page.server.ts"
	]
}